[
  {
    "model": "auth.group",
    "pk": 3,
    "fields": {
      "name": "test_group",
      "permissions": []
    }
  },
  {
    "model": "river.state",
    "pk": 1,
    "fields": {
      "date_created": "2016-10-22T12:09:01.990Z",
      "date_updated": "2016-10-22T12:09:01.990Z",
      "slug": "requested",
      "label": "Requested",
      "description": "Qualification Requested"
    }
  },
  {
    "model": "river.state",
    "pk": 2,
    "fields": {
      "date_created": "2016-10-22T12:09:14.250Z",
      "date_updated": "2016-10-22T12:09:14.250Z",
      "slug": "accepted",
      "label": "Accepted",
      "description": "Qualification Accepted"
    }
  },
  {
    "model": "river.state",
    "pk": 3,
    "fields": {
      "date_created": "2016-11-25T17:28:14.039Z",
      "date_updated": "2016-11-25T17:28:14.039Z",
      "slug": "new",
      "label": "New",
      "description": "New Qualification"
    }
  },
  {
    "model": "river.state",
    "pk": 4,
    "fields": {
      "date_created": "2016-11-25T17:28:56.208Z",
      "date_updated": "2016-11-25T17:28:56.208Z",
      "slug": "in-progress",
      "label": "In progress",
      "description": "In Progress Qualification"
    }
  },
  {
    "model": "river.state",
    "pk": 5,
    "fields": {
      "date_created": "2016-11-25T17:29:33.521Z",
      "date_updated": "2016-11-25T17:29:33.521Z",
      "slug": "rejected",
      "label": "Rejected",
      "description": "Rejected Qualification"
    }
  },
  {
    "model": "river.state",
    "pk": 6,
    "fields": {
      "date_created": "2016-11-25T17:29:57.665Z",
      "date_updated": "2016-11-25T17:29:57.665Z",
      "slug": "approved",
      "label": "Approved",
      "description": "Approved Qualification"
    }
  },
  {
    "model": "river.transition",
    "pk": 1,
    "fields": {
      "date_created": "2016-10-22T12:09:26.917Z",
      "date_updated": "2016-10-22T12:09:26.917Z",
      "source_state": 1,
      "destination_state": 2,
      "direction": 1
    }
  },
  {
    "model": "river.transition",
    "pk": 2,
    "fields": {
      "date_created": "2016-11-25T17:30:35.287Z",
      "date_updated": "2016-11-25T17:30:35.287Z",
      "source_state": 3,
      "destination_state": 4,
      "direction": 1
    }
  },
  {
    "model": "river.transition",
    "pk": 3,
    "fields": {
      "date_created": "2016-11-25T17:30:54.412Z",
      "date_updated": "2016-11-25T17:30:54.412Z",
      "source_state": 4,
      "destination_state": 6,
      "direction": 1
    }
  },
  {
    "model": "river.transition",
    "pk": 4,
    "fields": {
      "date_created": "2016-11-25T17:31:01.786Z",
      "date_updated": "2016-11-25T17:31:01.786Z",
      "source_state": 4,
      "destination_state": 5,
      "direction": 1
    }
  },
  {
    "model": "river.proceedingmeta",
    "pk": 1,
    "fields": {
      "date_created": "2016-10-22T12:09:39.285Z",
      "date_updated": "2016-11-15T17:58:32.656Z",
      "content_type": [
        "tests",
        "testmodelslowcase2"
      ],
      "transition": 1,
      "order": 0,
      "action_text": "",
      "permissions": [],
      "groups": [
        3
      ],
      "parents": []
    }
  },
  {
    "model": "river.proceedingmeta",
    "pk": 2,
    "fields": {
      "date_created": "2016-11-25T17:31:58.135Z",
      "date_updated": "2016-11-25T17:31:58.135Z",
      "content_type": [
        "tests",
        "testmodelslowcase2"
      ],
      "transition": 2,
      "order": 0,
      "action_text": "",
      "permissions": [],
      "groups": [
        3
      ],
      "parents": []
    }
  },
  {
    "model": "river.proceedingmeta",
    "pk": 3,
    "fields": {
      "date_created": "2016-11-25T17:32:25.475Z",
      "date_updated": "2016-11-25T17:33:00.205Z",
      "content_type": [
        "tests",
        "testmodelslowcase2"
      ],
      "transition": 3,
      "order": 1,
      "action_text": "",
      "permissions": [],
      "groups": [
        3
      ],
      "parents": [
        2
      ]
    }
  },
  {
    "model": "river.proceedingmeta",
    "pk": 4,
    "fields": {
      "date_created": "2016-11-25T17:32:36.076Z",
      "date_updated": "2016-11-25T17:33:04.341Z",
      "content_type": [
        "tests",
        "testmodelslowcase2"
      ],
      "transition": 4,
      "order": 1,
      "action_text": "",
      "permissions": [],
      "groups": [
        3
      ],
      "parents": [
        2
      ]
    }
  },
  {
    "model": "river.proceeding",
    "pk": 66723,
    "fields": {
      "date_created": "2017-01-27T14:57:57.018Z",
      "date_updated": "2017-01-27T16:34:22.332Z",
      "content_type": [
        "tests",
        "testmodelslowcase2"
      ],
      "object_id": 8,
      "meta": 2,
      "transactioner": null,
      "transaction_date": null,
      "status": 1,
      "skip": false,
      "order": 0,
      "enabled": true,
      "previous": null,
      "cloned": false,
      "permissions": [],
      "groups": [
        3
      ]
    }
  },
  {
    "model": "river.proceeding",
    "pk": 66724,
    "fields": {
      "date_created": "2017-01-27T14:57:57.054Z",
      "date_updated": "2017-01-27T16:50:24.776Z",
      "content_type": [
        "tests",
        "testmodelslowcase2"
      ],
      "object_id": 8,
      "meta": 3,
      "transactioner": null,
      "transaction_date": null,
      "status": 1,
      "skip": false,
      "order": 1,
      "enabled": true,
      "previous": 66723,
      "cloned": false,
      "permissions": [],
      "groups": [
        3
      ]
    }
  },
  {
    "model": "river.proceeding",
    "pk": 66725,
    "fields": {
      "date_created": "2017-01-27T14:57:57.069Z",
      "date_updated": "2017-01-27T14:57:57.069Z",
      "content_type": [
        "tests",
        "testmodelslowcase2"
      ],
      "object_id": 8,
      "meta": 4,
      "transactioner": null,
      "transaction_date": null,
      "status": 0,
      "skip": false,
      "order": 1,
      "enabled": true,
      "previous": null,
      "cloned": false,
      "permissions": [],
      "groups": [
        3
      ]
    }
  },
  {
    "model": "river.proceeding",
    "pk": 66726,
    "fields": {
      "date_created": "2017-01-27T16:52:39.293Z",
      "date_updated": "2017-01-27T16:52:39.293Z",
      "content_type": [
        "tests",
        "testmodelslowcase2"
      ],
      "object_id": 9,
      "meta": 2,
      "transactioner": null,
      "transaction_date": null,
      "status": 0,
      "skip": false,
      "order": 0,
      "enabled": true,
      "previous": null,
      "cloned": false,
      "permissions": [],
      "groups": [
        3
      ]
    }
  },
  {
    "model": "river.proceeding",
    "pk": 66727,
    "fields": {
      "date_created": "2017-01-27T16:52:39.326Z",
      "date_updated": "2017-01-27T16:52:39.326Z",
      "content_type": [
        "tests",
        "testmodelslowcase2"
      ],
      "object_id": 9,
      "meta": 3,
      "transactioner": null,
      "transaction_date": null,
      "status": 0,
      "skip": false,
      "order": 1,
      "enabled": true,
      "previous": null,
      "cloned": false,
      "permissions": [],
      "groups": [
        3
      ]
    }
  },
  {
    "model": "river.proceeding",
    "pk": 66728,
    "fields": {
      "date_created": "2017-01-27T16:52:39.342Z",
      "date_updated": "2017-01-27T16:52:39.342Z",
      "content_type": [
        "tests",
        "testmodelslowcase2"
      ],
      "object_id": 9,
      "meta": 4,
      "transactioner": null,
      "transaction_date": null,
      "status": 0,
      "skip": false,
      "order": 1,
      "enabled": true,
      "previous": null,
      "cloned": false,
      "permissions": [],
      "groups": [
        3
      ]
    }
  },
  {
    "model": "river.proceeding",
    "pk": 66729,
    "fields": {
      "date_created": "2017-01-27T16:52:55.840Z",
      "date_updated": "2017-01-27T17:13:23.316Z",
      "content_type": [
        "tests",
        "testmodelslowcase2"
      ],
      "object_id": 10,
      "meta": 2,
      "transactioner": null,
      "transaction_date": null,
      "status": 1,
      "skip": false,
      "order": 0,
      "enabled": true,
      "previous": null,
      "cloned": false,
      "permissions": [],
      "groups": [
        3
      ]
    }
  },
  {
    "model": "river.proceeding",
    "pk": 66730,
    "fields": {
      "date_created": "2017-01-27T16:52:55.875Z",
      "date_updated": "2017-01-27T16:52:55.875Z",
      "content_type": [
        "tests",
        "testmodelslowcase2"
      ],
      "object_id": 10,
      "meta": 3,
      "transactioner": null,
      "transaction_date": null,
      "status": 0,
      "skip": false,
      "order": 1,
      "enabled": true,
      "previous": null,
      "cloned": false,
      "permissions": [],
      "groups": [
        3
      ]
    }
  },
  {
    "model": "river.proceeding",
    "pk": 66731,
    "fields": {
      "date_created": "2017-01-27T16:52:55.892Z",
      "date_updated": "2017-01-27T17:13:52.055Z",
      "content_type": [
        "tests",
        "testmodelslowcase2"
      ],
      "object_id": 10,
      "meta": 4,
      "transactioner": null,
      "transaction_date": null,
      "status": 1,
      "skip": false,
      "order": 1,
      "enabled": true,
      "previous": 66729,
      "cloned": false,
      "permissions": [],
      "groups": [
        3
      ]
    }
  },
  {
    "model": "river.proceeding",
    "pk": 66732,
    "fields": {
      "date_created": "2017-01-27T17:33:27.320Z",
      "date_updated": "2017-01-27T17:33:27.320Z",
      "content_type": [
        "tests",
        "testmodelslowcase2"
      ],
      "object_id": 11,
      "meta": 2,
      "transactioner": null,
      "transaction_date": null,
      "status": 0,
      "skip": false,
      "order": 0,
      "enabled": true,
      "previous": null,
      "cloned": false,
      "permissions": [],
      "groups": [
        3
      ]
    }
  },
  {
    "model": "river.proceeding",
    "pk": 66733,
    "fields": {
      "date_created": "2017-01-27T17:33:27.351Z",
      "date_updated": "2017-01-27T17:33:27.351Z",
      "content_type": [
        "tests",
        "testmodelslowcase2"
      ],
      "object_id": 11,
      "meta": 3,
      "transactioner": null,
      "transaction_date": null,
      "status": 0,
      "skip": false,
      "order": 1,
      "enabled": true,
      "previous": null,
      "cloned": false,
      "permissions": [],
      "groups": [
        3
      ]
    }
  },
  {
    "model": "river.proceeding",
    "pk": 66734,
    "fields": {
      "date_created": "2017-01-27T17:33:27.366Z",
      "date_updated": "2017-01-27T17:33:27.366Z",
      "content_type": [
        "tests",
        "testmodelslowcase2"
      ],
      "object_id": 11,
      "meta": 4,
      "transactioner": null,
      "transaction_date": null,
      "status": 0,
      "skip": false,
      "order": 1,
      "enabled": true,
      "previous": null,
      "cloned": false,
      "permissions": [],
      "groups": [
        3
      ]
    }
  },
  {
    "model": "river.proceeding",
    "pk": 66735,
    "fields": {
      "date_created": "2017-01-27T17:33:54.757Z",
      "date_updated": "2017-01-27T17:33:54.757Z",
      "content_type": [
        "tests",
        "testmodelslowcase2"
      ],
      "object_id": 12,
      "meta": 2,
      "transactioner": null,
      "transaction_date": null,
      "status": 0,
      "skip": false,
      "order": 0,
      "enabled": true,
      "previous": null,
      "cloned": false,
      "permissions": [],
      "groups": [
        3
      ]
    }
  },
  {
    "model": "river.proceeding",
    "pk": 66736,
    "fields": {
      "date_created": "2017-01-27T17:33:54.780Z",
      "date_updated": "2017-01-27T17:33:54.780Z",
      "content_type": [
        "tests",
        "testmodelslowcase2"
      ],
      "object_id": 12,
      "meta": 3,
      "transactioner": null,
      "transaction_date": null,
      "status": 0,
      "skip": false,
      "order": 1,
      "enabled": true,
      "previous": null,
      "cloned": false,
      "permissions": [],
      "groups": [
        3
      ]
    }
  },
  {
    "model": "river.proceeding",
    "pk": 66737,
    "fields": {
      "date_created": "2017-01-27T17:33:54.797Z",
      "date_updated": "2017-01-27T17:33:54.797Z",
      "content_type": [
        "tests",
        "testmodelslowcase2"
      ],
      "object_id": 12,
      "meta": 4,
      "transactioner": null,
      "transaction_date": null,
      "status": 0,
      "skip": false,
      "order": 1,
      "enabled": true,
      "previous": null,
      "cloned": false,
      "permissions": [],
      "groups": [
        3
      ]
    }
  },
  {
    "model": "river.proceeding",
    "pk": 66738,
    "fields": {
      "date_created": "2017-01-30T10:33:29.359Z",
      "date_updated": "2017-01-30T10:33:29.359Z",
      "content_type": [
        "tests",
        "testmodelslowcase1"
      ],
      "object_id": 66703,
      "meta": 1,
      "transactioner": null,
      "transaction_date": null,
      "status": 0,
      "skip": false,
      "order": 0,
      "enabled": true,
      "previous": null,
      "cloned": false,
      "permissions": [],
      "groups": [
        3
      ]
    }
  },
  {
    "model": "river.proceeding",
    "pk": 66739,
    "fields": {
      "date_created": "2017-01-30T10:33:29.422Z",
      "date_updated": "2017-01-30T10:33:29.422Z",
      "content_type": [
        "tests",
        "testmodelslowcase1"
      ],
      "object_id": 66704,
      "meta": 1,
      "transactioner": null,
      "transaction_date": null,
      "status": 0,
      "skip": false,
      "order": 0,
      "enabled": true,
      "previous": null,
      "cloned": false,
      "permissions": [],
      "groups": [
        3
      ]
    }
  },
  {
    "model": "river.proceeding",
    "pk": 66740,
    "fields": {
      "date_created": "2017-01-30T10:33:29.469Z",
      "date_updated": "2017-01-30T10:33:29.469Z",
      "content_type": [
        "tests",
        "testmodelslowcase1"
      ],
      "object_id": 66705,
      "meta": 1,
      "transactioner": null,
      "transaction_date": null,
      "status": 0,
      "skip": false,
      "order": 0,
      "enabled": true,
      "previous": null,
      "cloned": false,
      "permissions": [],
      "groups": [
        3
      ]
    }
  },
  {
    "model": "river.proceeding",
    "pk": 66741,
    "fields": {
      "date_created": "2017-01-30T10:33:29.503Z",
      "date_updated": "2017-01-30T10:33:29.503Z",
      "content_type": [
        "tests",
        "testmodelslowcase1"
      ],
      "object_id": 66706,
      "meta": 1,
      "transactioner": null,
      "transaction_date": null,
      "status": 0,
      "skip": false,
      "order": 0,
      "enabled": true,
      "previous": null,
      "cloned": false,
      "permissions": [],
      "groups": [
        3
      ]
    }
  },
  {
    "model": "river.proceeding",
    "pk": 66742,
    "fields": {
      "date_created": "2017-01-30T10:33:29.535Z",
      "date_updated": "2017-01-30T10:33:29.535Z",
      "content_type": [
        "tests",
        "testmodelslowcase1"
      ],
      "object_id": 66707,
      "meta": 1,
      "transactioner": null,
      "transaction_date": null,
      "status": 0,
      "skip": false,
      "order": 0,
      "enabled": true,
      "previous": null,
      "cloned": false,
      "permissions": [],
      "groups": [
        3
      ]
    }
  },
  {
    "model": "river.proceeding",
    "pk": 66743,
    "fields": {
      "date_created": "2017-01-30T10:33:29.567Z",
      "date_updated": "2017-01-30T10:33:29.567Z",
      "content_type": [
        "tests",
        "testmodelslowcase1"
      ],
      "object_id": 66708,
      "meta": 1,
      "transactioner": null,
      "transaction_date": null,
      "status": 0,
      "skip": false,
      "order": 0,
      "enabled": true,
      "previous": null,
      "cloned": false,
      "permissions": [],
      "groups": [
        3
      ]
    }
  },
  {
    "model": "river.proceeding",
    "pk": 66744,
    "fields": {
      "date_created": "2017-01-30T10:33:29.601Z",
      "date_updated": "2017-01-30T10:33:29.601Z",
      "content_type": [
        "tests",
        "testmodelslowcase1"
      ],
      "object_id": 66709,
      "meta": 1,
      "transactioner": null,
      "transaction_date": null,
      "status": 0,
      "skip": false,
      "order": 0,
      "enabled": true,
      "previous": null,
      "cloned": false,
      "permissions": [],
      "groups": [
        3
      ]
    }
  },
  {
    "model": "river.proceeding",
    "pk": 66745,
    "fields": {
      "date_created": "2017-01-30T10:33:29.639Z",
      "date_updated": "2017-01-30T10:33:29.639Z",
      "content_type": [
        "tests",
        "testmodelslowcase1"
      ],
      "object_id": 66710,
      "meta": 1,
      "transactioner": null,
      "transaction_date": null,
      "status": 0,
      "skip": false,
      "order": 0,
      "enabled": true,
      "previous": null,
      "cloned": false,
      "permissions": [],
      "groups": [
        3
      ]
    }
  },
  {
    "model": "river.proceeding",
    "pk": 66746,
    "fields": {
      "date_created": "2017-01-30T10:33:29.673Z",
      "date_updated": "2017-01-30T10:33:29.673Z",
      "content_type": [
        "tests",
        "testmodelslowcase1"
      ],
      "object_id": 66711,
      "meta": 1,
      "transactioner": null,
      "transaction_date": null,
      "status": 0,
      "skip": false,
      "order": 0,
      "enabled": true,
      "previous": null,
      "cloned": false,
      "permissions": [],
      "groups": [
        3
      ]
    }
  },
  {
    "model": "river.proceeding",
    "pk": 66747,
    "fields": {
      "date_created": "2017-01-30T10:33:29.719Z",
      "date_updated": "2017-01-30T10:33:29.719Z",
      "content_type": [
        "tests",
        "testmodelslowcase1"
      ],
      "object_id": 66712,
      "meta": 1,
      "transactioner": null,
      "transaction_date": null,
      "status": 0,
      "skip": false,
      "order": 0,
      "enabled": true,
      "previous": null,
      "cloned": false,
      "permissions": [],
      "groups": [
        3
      ]
    }
  },
  {
    "model": "river.proceeding",
    "pk": 66748,
    "fields": {
      "date_created": "2017-01-30T10:33:29.765Z",
      "date_updated": "2017-01-30T10:33:29.765Z",
      "content_type": [
        "tests",
        "testmodelslowcase1"
      ],
      "object_id": 66713,
      "meta": 1,
      "transactioner": null,
      "transaction_date": null,
      "status": 0,
      "skip": false,
      "order": 0,
      "enabled": true,
      "previous": null,
      "cloned": false,
      "permissions": [],
      "groups": [
        3
      ]
    }
  },
  {
    "model": "river.proceeding",
    "pk": 66749,
    "fields": {
      "date_created": "2017-01-30T10:33:29.805Z",
      "date_updated": "2017-01-30T10:33:29.805Z",
      "content_type": [
        "tests",
        "testmodelslowcase1"
      ],
      "object_id": 66714,
      "meta": 1,
      "transactioner": null,
      "transaction_date": null,
      "status": 0,
      "skip": false,
      "order": 0,
      "enabled": true,
      "previous": null,
      "cloned": false,
      "permissions": [],
      "groups": [
        3
      ]
    }
  },
  {
    "model": "river.proceeding",
    "pk": 66750,
    "fields": {
      "date_created": "2017-01-30T10:33:29.841Z",
      "date_updated": "2017-01-30T10:33:29.842Z",
      "content_type": [
        "tests",
        "testmodelslowcase1"
      ],
      "object_id": 66715,
      "meta": 1,
      "transactioner": null,
      "transaction_date": null,
      "status": 0,
      "skip": false,
      "order": 0,
      "enabled": true,
      "previous": null,
      "cloned": false,
      "permissions": [],
      "groups": [
        3
      ]
    }
  },
  {
    "model": "river.proceeding",
    "pk": 66751,
    "fields": {
      "date_created": "2017-01-30T10:33:29.876Z",
      "date_updated": "2017-01-30T10:33:29.876Z",
      "content_type": [
        "tests",
        "testmodelslowcase1"
      ],
      "object_id": 66716,
      "meta": 1,
      "transactioner": null,
      "transaction_date": null,
      "status": 0,
      "skip": false,
      "order": 0,
      "enabled": true,
      "previous": null,
      "cloned": false,
      "permissions": [],
      "groups": [
        3
      ]
    }
  },
  {
    "model": "river.proceeding",
    "pk": 66752,
    "fields": {
      "date_created": "2017-01-30T10:33:29.906Z",
      "date_updated": "2017-01-30T10:33:29.906Z",
      "content_type": [
        "tests",
        "testmodelslowcase1"
      ],
      "object_id": 66717,
      "meta": 1,
      "transactioner": null,
      "transaction_date": null,
      "status": 0,
      "skip": false,
      "order": 0,
      "enabled": true,
      "previous": null,
      "cloned": false,
      "permissions": [],
      "groups": [
        3
      ]
    }
  },
  {
    "model": "river.proceeding",
    "pk": 66753,
    "fields": {
      "date_created": "2017-01-30T10:33:29.940Z",
      "date_updated": "2017-01-30T10:33:29.940Z",
      "content_type": [
        "tests",
        "testmodelslowcase1"
      ],
      "object_id": 66718,
      "meta": 1,
      "transactioner": null,
      "transaction_date": null,
      "status": 0,
      "skip": false,
      "order": 0,
      "enabled": true,
      "previous": null,
      "cloned": false,
      "permissions": [],
      "groups": [
        3
      ]
    }
  },
  {
    "model": "river.proceeding",
    "pk": 66754,
    "fields": {
      "date_created": "2017-01-30T10:33:29.991Z",
      "date_updated": "2017-01-30T10:33:29.991Z",
      "content_type": [
        "tests",
        "testmodelslowcase1"
      ],
      "object_id": 66719,
      "meta": 1,
      "transactioner": null,
      "transaction_date": null,
      "status": 0,
      "skip": false,
      "order": 0,
      "enabled": true,
      "previous": null,
      "cloned": false,
      "permissions": [],
      "groups": [
        3
      ]
    }
  },
  {
    "model": "river.proceeding",
    "pk": 66755,
    "fields": {
      "date_created": "2017-01-30T10:33:30.028Z",
      "date_updated": "2017-01-30T10:33:30.028Z",
      "content_type": [
        "tests",
        "testmodelslowcase1"
      ],
      "object_id": 66720,
      "meta": 1,
      "transactioner": null,
      "transaction_date": null,
      "status": 0,
      "skip": false,
      "order": 0,
      "enabled": true,
      "previous": null,
      "cloned": false,
      "permissions": [],
      "groups": [
        3
      ]
    }
  },
  {
    "model": "river.proceeding",
    "pk": 66756,
    "fields": {
      "date_created": "2017-01-30T10:33:30.082Z",
      "date_updated": "2017-01-30T10:33:30.082Z",
      "content_type": [
        "tests",
        "testmodelslowcase1"
      ],
      "object_id": 66721,
      "meta": 1,
      "transactioner": null,
      "transaction_date": null,
      "status": 0,
      "skip": false,
      "order": 0,
      "enabled": true,
      "previous": null,
      "cloned": false,
      "permissions": [],
      "groups": [
        3
      ]
    }
  },
  {
    "model": "river.proceeding",
    "pk": 66757,
    "fields": {
      "date_created": "2017-01-30T10:33:30.137Z",
      "date_updated": "2017-01-30T10:33:30.137Z",
      "content_type": [
        "tests",
        "testmodelslowcase1"
      ],
      "object_id": 66722,
      "meta": 1,
      "transactioner": null,
      "transaction_date": null,
      "status": 0,
      "skip": false,
      "order": 0,
      "enabled": true,
      "previous": null,
      "cloned": false,
      "permissions": [],
      "groups": [
        3
      ]
    }
  }
]
